number,sourceId,title,domain,corpus,createdAt,chunkCount,primaryCategory,categoryTags,productTags,topicTags,complianceSensitivity,sourceRef
"1","knowledge_source_52dedddf-f049-4d19-b64d-df6c450858d3","THREE One Page Business Sheet","training","three-corpus","2026-07-07T08:45:33.478Z","7","compensation-plan","business-building|compensation-plan|forms-admin|product-science|products","collagene|eternel|imune|kynetik|purifi|revive|visage|vitalite","business-building|business-overview|cellular-absorption|compensation|energy|product-education|training","high","file:D:/THREE/compensation/1-page-business-sheet_v3_FNL.pdf"
"2","knowledge_source_ed6d0385-3969-4154-93de-0ef005c5366c","THREE Financial Rewards Plan NAM English","training","three-corpus","2026-07-07T08:45:33.478Z","13","compensation-plan","compensation-plan|compliance-policies|forms-admin|products","","compensation|compliance|product-education|rewards-plan|team-only","high","file:D:/THREE/compensation/2507_V11_FinancialRewardsPlan_NAM_ENG_01.pdf"
"3","knowledge_source_2a642533-e81d-4078-95ed-9323c57526f6","THREE Do and Do Not: Product Story","governance","three-corpus","2026-07-07T08:45:33.478Z","3","compliance-policies","compliance-policies|products","purifi","compliance|detox|product-claims|product-education|story","high","file:D:/THREE/policies/Do_and_dont_PRODUCT_story_FNL.pdf"
"4","knowledge_source_cd94c0d3-a602-44a0-aef0-71c8eb36f386","THREE Do and Do Not: Income Story","governance","three-corpus","2026-07-07T08:45:33.478Z","3","compliance-policies","compliance-policies","","compliance|income-claims|story","high","file:D:/THREE/policies/Do_and_dont_income_story_FNL.pdf"
"5","knowledge_source_a35684f7-6478-4206-b199-cfb3511e749c","THREE Do and Do Not: COLLAGENE Product Page","governance","three-corpus","2026-07-07T08:45:33.478Z","3","compliance-policies","compliance-policies|products","collagene|imune","collagene|compliance|gut-immune|product-claims|product-education|skincare","high","file:D:/THREE/policies/Do_and_dont_product_page_COLLAGENE_FNL.pdf"
"6","knowledge_source_6b8970d0-5ce3-4366-869e-6977829b4c24","THREE Do and Do Not: ETERNEL Product Page","governance","three-corpus","2026-07-07T08:45:33.478Z","3","compliance-policies","compliance-policies|product-science|products","eternel|glutathione|imune","cellular-absorption|compliance|energy|eternel|gut-immune|product-claims|product-education","high","file:D:/THREE/policies/Do_and_dont_product_page_ETERNEL_FNL.pdf"
"7","knowledge_source_1cffd7d1-7439-4d23-b2b5-dc8df8a856dc","THREE Do and Do Not: IMUNE Product Page","governance","three-corpus","2026-07-07T08:45:33.478Z","3","compliance-policies","compliance-policies|products","imune","compliance|gut-immune|imune|product-claims|product-education","high","file:D:/THREE/policies/Do_and_dont_product_page_IMUNE_FNL.pdf"
"8","knowledge_source_3ad3b342-3dbc-4233-bddb-88987172c038","THREE Do and Do Not: PURIFI Product Page","governance","three-corpus","2026-07-07T08:45:33.478Z","3","compliance-policies","compliance-policies|product-science|products","imune|purifi","compliance|detox|gut-immune|product-claims|product-education|purifi|skincare","high","file:D:/THREE/policies/Do_and_dont_product_page_PURIFI_FNL.pdf"
"9","knowledge_source_d60fb953-a3f2-49ba-b2e9-77d68e1006d0","THREE Do and Do Not: REVIVE Product Page","governance","three-corpus","2026-07-07T08:45:33.478Z","3","compliance-policies","compliance-policies|products","imune|revive","compliance|gut-immune|product-claims|product-education|revive","high","file:D:/THREE/policies/Do_and_dont_product_page_REVIVE_FNL.pdf"
"10","knowledge_source_a529738b-23ef-4a2c-a6cd-5477c133f186","THREE Do and Do Not: VITALITE Product Page","governance","three-corpus","2026-07-07T08:45:33.478Z","3","compliance-policies","compliance-policies|forms-admin|product-science|products","imune|vitalite","compliance|energy|gut-immune|product-claims|product-education|vitalite","high","file:D:/THREE/policies/Do_and_dont_product_page_VITALITE_FNL.pdf"
"11","knowledge_source_02e56776-d977-41c9-a47d-79e4d926effd","THREE Policies and Procedures V5","governance","three-corpus","2026-07-07T08:45:33.478Z","176","compliance-policies","business-building|compensation-plan|compliance-policies|forms-admin|product-science|products|vision-strategy","revive|visage","brand-ambassador|business-building|compensation|compliance|policies|product-education|skincare","high","file:D:/THREE/policies/PoliciesAndProcedures_V5.pdf"
"12","knowledge_source_09c855b9-d942-489e-be65-39c922e2216a","THREE Compliance Analysis for Team Magnificent","governance","three-corpus","2026-07-07T08:45:33.478Z","35","compliance-policies","business-building|compliance-policies|forms-admin|product-science|products|team-training","glp-three","business-building|compliance|policies|product-education|skincare|team-magnificent","high","file:D:/THREE/policies/compliance.md"
"13","knowledge_source_a823d619-1b7c-4125-a163-fb50efa1d1a3","THREE IMUNE Product Fact Sheet","training","three-corpus","2026-07-07T08:45:33.478Z","3","products","product-science|products","imune","cellular-absorption|gut-immune|imune|official-fact-sheet|product|product-education","standard","file:D:/THREE/products/2306V2_FactSheet-Imune_ENG_08.pdf"
"14","knowledge_source_e22b1ecd-f8c7-489e-a171-4e094c21505c","THREE GLP-THREE FAQ Sheet English","training","three-corpus","2026-07-07T08:45:33.478Z","4","products","forms-admin|product-science|products","glp-three|mbc-267|omega-3","cellular-absorption|glp-three|metabolism|official-faq|product-education|product-faq","standard","file:D:/THREE/products/2601_FAQSheet-GLP-THREE_v1_ENG_FNL.pdf"
"15","knowledge_source_516e3b94-e4e1-434a-b9c1-23d84b473224","THREE GLP-THREE Fact Sheet English","training","three-corpus","2026-07-07T08:45:33.478Z","6","products","forms-admin|product-science|products","glp-three|mbc-267|purifi","cellular-absorption|glp-three|metabolism|official-fact-sheet|product|product-education","standard","file:D:/THREE/products/2601_FactSheet-GLPTHREE_v1_ENG_FNL.pdf"
"16","knowledge_source_ca9d89bb-2457-4cfb-9bcd-8bad3739f28d","THREE REVIVE Product Fact Sheet","training","three-corpus","2026-07-07T08:45:33.478Z","3","products","forms-admin|product-science|products","imune|revive","cellular-absorption|gut-immune|official-fact-sheet|product|product-education|revive","standard","file:D:/THREE/products/Revive.pdf"
"17","knowledge_source_41a4b277-1d83-4f58-bf7e-3941ed25014b","THREE COLLAGENE Product Fact Sheet","training","three-corpus","2026-07-07T08:45:33.478Z","3","products","forms-admin|product-science|products","collagene|imune","cellular-absorption|collagene|gut-immune|official-fact-sheet|product|product-education|skincare","standard","file:D:/THREE/products/collagene.pdf"
"18","knowledge_source_693ebeda-510c-4d06-adea-68dbfce4112d","THREE ETERNEL Product Fact Sheet","training","three-corpus","2026-07-07T08:45:33.478Z","3","products","product-science|products","collagene|coq10|eternel|glutathione","cellular-absorption|energy|eternel|official-fact-sheet|product|product-education|skincare","standard","file:D:/THREE/products/eternel.pdf"
"19","knowledge_source_7867bd6d-4189-4e0a-857e-05992934a20f","THREE PURIFI Product Fact Sheet","training","three-corpus","2026-07-07T08:45:33.478Z","3","products","forms-admin|product-science|products","purifi","cellular-absorption|detox|energy|gut-immune|official-fact-sheet|product|product-education|purifi|skincare","standard","file:D:/THREE/products/purifi.pdf"
"20","knowledge_source_63b629c0-4f7b-46cf-a025-cdc701ac6f63","THREE VITALITE Product Fact Sheet","training","three-corpus","2026-07-07T08:45:33.478Z","3","products","forms-admin|product-science|products","omega-3|vitalite","cellular-absorption|energy|gut-immune|official-fact-sheet|product|product-education|vitalite","standard","file:D:/THREE/products/vitalite.pdf"
"21","knowledge_source_522facbb-5d3a-4459-877b-7f3da8142937","THREE 2 by 2 Flyer English","training","three-corpus","2026-07-07T08:45:33.478Z","2","compensation-plan","compensation-plan|forms-admin","","2by2|compensation|promotion|training","high","file:D:/THREE/promotions/2by2_Flyer_ENG.pdf"
"22","knowledge_source_4043f788-91f1-4bbb-9c21-33cb56bf2cfc","THREE Action Plan Sheet","training","three-corpus","2026-07-07T08:45:33.478Z","3","general-training","business-building|forms-admin|general-training|products","","action-plan|business-building|product-education|training","standard","file:D:/THREE/training-materials/THREE-ACTION-PLAN-Sheet.pdf"
"23","knowledge_source_7a089f06-d5d3-45cf-a019-e9254bc964ed","Team Magnificent 10 Steps for Success","training","three-corpus","2026-07-07T08:45:33.478Z","1","team-training","business-building|products|team-training","","business-building|orientation|product-education|success-steps|training","standard","file:D:/THREE/trainings/10_Steps_for_Success.html"
"24","knowledge_source_87172cfb-0b42-4941-af53-1eeb1c077055","THREE Brand Ambassador Business Card Template","organizational","three-corpus","2026-07-07T08:51:39.074Z","1","forms-admin","forms-admin","","brand-ambassador|business-card|official-template","standard","file:D:/THREE/business-card-template/THREE-Brand-Ambassador-Business-Cards.pdf"
"25","knowledge_source_959da85a-db79-442f-94c1-64dae7b71fb9","THREE 2026 Calendar","organizational","three-corpus","2026-07-07T08:51:39.074Z","1","forms-admin","forms-admin","","calendar|events|official-reference","standard","file:D:/THREE/calendar/2026-calendar.pdf"
"26","knowledge_source_7cb94f7b-ed7c-4554-9515-ac281f8be752","THREE Imune Curated Blend and CAT Clinical Study Dossier","training","three-corpus","2026-07-07T08:51:39.074Z","67","products","forms-admin|product-science|products|vision-strategy","imune|revive|visage","cellular-absorption|clinical-study|gut-immune|imune|metabolism|official-dossier|product-education|science|skincare","standard","file:D:/THREE/clinical-studies/Imune-Curated-Blend-and-CAT-Clinical-Study-Dossier.pdf"
"27","knowledge_source_fad549a8-5dbc-4923-834e-2b9761462876","THREE Enrollment Form Simple 6 NAM","organizational","three-corpus","2026-07-07T08:51:39.074Z","4","forms-admin","compliance-policies|forms-admin|products","collagene|eternel|glp-three|imune|kynetik|purifi|revive|visage|vitalite","brand-ambassador|compliance|detox|energy|enrollment|official-form|product-education|skincare","high","file:D:/THREE/enrollment-forms for ba/251126_EnrollmentForm_Simple6_NAM_v1.pdf"
"28","knowledge_source_309d2fe2-a002-4cf2-9fa3-6f22fa914edb","THREE Brand Ambassador Presentation","training","three-corpus","2026-07-07T08:51:39.074Z","1","general-training","general-training","","brand-ambassador|official-training|presentation","standard","file:D:/THREE/presentation/rev-3THREE-PRESENTATION-BAs.pdf"
"29","knowledge_source_d907e03f-458b-4abb-8c3f-9e25c89a958f","THREE Product Fact Sheets Collection","training","three-corpus","2026-07-07T08:51:39.074Z","49","products","forms-admin|product-science|products","collagene|coq10|eternel|glp-three|glutathione|imune|mbc-267|omega-3|purifi|revive|visage|vitalite","cellular-absorption|collection|detox|energy|gut-immune|metabolism|official-fact-sheet|product|product-education|skincare","standard","file:D:/THREE/products/2301V1_ProductFactSheets.pdf"
"30","knowledge_source_76abdd01-7e79-47dc-9d78-1a54bd666c6f","THREE Product Price Sheet English","training","three-corpus","2026-07-07T08:51:39.074Z","2","products","products","collagene|eternel|imune|purifi|revive|visage|vitalite","detox|energy|official-reference|price-sheet|product|product-education|skincare","standard","file:D:/THREE/products/2303V1_Product-Price-Sheet_ENG_01.pdf"
"31","knowledge_source_5bad7aea-6284-49fa-880f-7ca521548744","THREE Visage Fact Sheet English","training","three-corpus","2026-07-07T08:51:39.074Z","6","products","forms-admin|product-science|products","collagene|visage","cellular-absorption|official-fact-sheet|product|product-education|skincare|visage","standard","file:D:/THREE/products/2408V1_FactSheet-Visage_ENG_01.pdf"
"32","knowledge_source_cfcb3d00-19ac-40e0-b8fc-c96d6aa52f6b","THREE Visage Pure Cleanse Fact Sheet","training","three-corpus","2026-07-07T08:51:39.074Z","6","products","forms-admin|product-science|products","purifi|visage","cellular-absorption|detox|official-fact-sheet|product|product-education|pure-cleanse|skincare|visage","standard","file:D:/THREE/products/2410V1_FactSheet-Visage_Pure-Cleanse_FNL.pdf"
"33","knowledge_source_347a23ec-02a6-4c7f-a974-55bebce643dc","THREE Visage Radiant Toner Fact Sheet English","training","three-corpus","2026-07-07T08:51:39.074Z","6","products","forms-admin|product-science|products","collagene|visage","cellular-absorption|official-fact-sheet|product|product-education|radiant-toner|skincare|visage","standard","file:D:/THREE/products/2410V1_FactSheet-Visage_Radiant-Toner_ENG_FNL.pdf"
"34","knowledge_source_67792011-46c7-4593-93df-ae1eefea8150","THREE Visage Creme Caviar FAQ English","training","three-corpus","2026-07-07T08:51:39.074Z","4","products","forms-admin|product-science|products","collagene|omega-3|purifi|visage","creme-caviar|detox|official-faq|product|product-education|skincare|visage","standard","file:D:/THREE/products/2503v1_FAQ-Visage_creme-caviar_ENG_FNL.pdf"
"35","knowledge_source_e6a345e9-5f2e-4a15-b4f6-fd9e040c03ef","THREE Collagene Focus Group Sheet","training","three-corpus","2026-07-07T08:51:39.074Z","3","products","product-science|products","collagene","cellular-absorption|collagene|focus-group|official-sheet|product|product-education|skincare","standard","file:D:/THREE/products/Collagene-focus-group-sheet_FNL.pdf"
"36","knowledge_source_200f0e47-03e2-4390-b246-81150799bdb3","THREE Customer Program Flyer","training","three-corpus","2026-07-07T08:51:39.074Z","3","general-training","general-training|products","collagene|eternel|imune|purifi|revive|visage|vitalite","compensation|customer-program|detox|official-flyer|product-education|promotion|skincare","standard","file:D:/THREE/promotions/CustomerProgramFlyer_02-1.pdf"
"37","knowledge_source_c6695103-9641-43ab-ad0f-f57da77bcc38","THREE Cellular Absorption Study Sheet","training","three-corpus","2026-07-07T08:51:39.074Z","7","product-science","forms-admin|product-science|products","collagene|eternel|imune|purifi|revive|vitalite","cellular-absorption|official-study-sheet|product-education|science","standard","file:D:/THREE/research/cellular_absorption_study_sheet_03.pdf"
"38","knowledge_source_b32f42f8-519c-43d3-8d7b-4762f1e26931","MCS v2 Strategic Foundation and Vision","organizational","mcs-vision","2026-07-07T09:02:56.021Z","12","vision-strategy","business-building|compliance-policies|forms-admin|products|vision-strategy","glp-three","business-building|compensation|compliance|internal-grounding|kevin-authored|mcs-v2|product-education|strategic-foundation|team-magnificent|vision","high","file:D:/TEAM-MAG/vision/MCS-STRATEGIC-FOUNDATION-2026-07-05.md"
"39","knowledge_source_6d378a77-710a-4971-861b-aec7d791178f","Upline: Basic DMO (Daily Method of Operations)","training","upline-legacy-makers","2026-07-07T23:04:07.630Z","7","general-training","business-building|forms-admin|general-training","","5-point-system|business-building|daily-actions|dmo|upline-reference","standard","file:D:/momentum-creation-system-v2/knowledge/upline-legacy-makers/extracted/basic-dmo.md"
"40","knowledge_source_beb7d149-c446-4c56-a940-1261034316fa","Upline: Business Approach Script","training","upline-legacy-makers","2026-07-07T23:04:07.630Z","6","business-building","business-building|compensation-plan|forms-admin|product-science|products","","5-point-system|business-approach|compensation|product-education|scripts|upline-reference","high","file:D:/momentum-creation-system-v2/knowledge/upline-legacy-makers/extracted/business-approach-script.md"
"41","knowledge_source_d2f18b29-6f6a-4b9c-b90c-2eac33ad2e32","Upline: Carpe Diem Script","training","upline-legacy-makers","2026-07-07T23:04:07.630Z","8","general-training","forms-admin|general-training|products","","5-point-system|product-education|scripts|upline-reference","standard","file:D:/momentum-creation-system-v2/knowledge/upline-legacy-makers/extracted/carpe-diem-script.md"
"42","knowledge_source_3ede8d31-8bde-4a30-8ca9-93a0211541b5","Upline: Closing Scripts (v1)","training","upline-legacy-makers","2026-07-07T23:04:07.630Z","17","general-training","business-building|forms-admin|general-training|product-science|products|team-training","collagene|eternel|glutathione|imune|purifi|revive|visage|vitalite","5-point-system|business-building|closing|detox|energy|gut-immune|metabolism|product-education|scripts|skincare|upline-reference","standard","file:D:/momentum-creation-system-v2/knowledge/upline-legacy-makers/extracted/closing-scripts-v1.md"
"43","knowledge_source_1f437abf-9b0a-49d7-acb8-5f75120d91f5","Upline: Closing Scripts (v2)","training","upline-legacy-makers","2026-07-07T23:04:07.630Z","10","general-training","business-building|forms-admin|general-training|product-science|products|team-training","glutathione|imune|visage|vitalite","5-point-system|business-building|closing|gut-immune|product-education|scripts|skincare|upline-reference","standard","file:D:/momentum-creation-system-v2/knowledge/upline-legacy-makers/extracted/closing-scripts-v2.md"
"44","knowledge_source_70695427-8e3b-4c59-98c9-750e92507979","Upline: Connecting Script","training","upline-legacy-makers","2026-07-07T23:04:07.630Z","20","general-training","business-building|forms-admin|general-training","","5-point-system|business-building|connecting|inviting|scripts|upline-reference","standard","file:D:/momentum-creation-system-v2/knowledge/upline-legacy-makers/extracted/connecting-script.md"
"45","knowledge_source_f8645fd3-7117-4a92-985c-06db4c95844c","THREE: CORE 3 Double Promo Flyer","training","upline-legacy-makers","2026-07-07T23:04:07.630Z","7","general-training","forms-admin|general-training","","5-point-system|compensation|core3|promotion|three-corporate|upline-reference","standard","file:D:/momentum-creation-system-v2/knowledge/upline-legacy-makers/extracted/core3-promo-flyer-three-corporate.md"
"46","knowledge_source_40868d5a-02ae-473c-b386-7ae3b3996435","Upline: Create Your Names List","training","upline-legacy-makers","2026-07-07T23:04:07.630Z","10","general-training","business-building|forms-admin|general-training|products","","5-point-system|business-building|energy|names-list|product-education|prospecting|upline-reference","standard","file:D:/momentum-creation-system-v2/knowledge/upline-legacy-makers/extracted/create-your-names-list.md"
"47","knowledge_source_540d6a37-7d6c-472b-a1bf-4ccfae80bdd8","Upline: Enrollment Form","organizational","upline-legacy-makers","2026-07-07T23:04:07.630Z","7","forms-admin","compliance-policies|forms-admin|products","collagene|glp-three|kynetik|purifi|revive|visage|vitalite","5-point-system|compliance|detox|energy|enrollment|form|product-education|skincare|upline-reference","high","file:D:/momentum-creation-system-v2/knowledge/upline-legacy-makers/extracted/enrollment-form.md"
"48","knowledge_source_715553d4-88a3-466b-b81b-9723b1874bee","Upline: Follow Up Call Guide / Three Way Call Script","training","upline-legacy-makers","2026-07-07T23:04:07.630Z","14","general-training","business-building|forms-admin|general-training|products","","5-point-system|business-building|follow-up|product-education|scripts|three-way-call|upline-reference","standard","file:D:/momentum-creation-system-v2/knowledge/upline-legacy-makers/extracted/follow-up-call-guide-three-way-script.md"
"49","knowledge_source_642e268e-7dab-4e4a-98c3-400ca3700683","Upline: Getting Started Checklist","training","upline-legacy-makers","2026-07-07T23:04:07.630Z","7","general-training","forms-admin|general-training|product-science|products|team-training","","5-point-system|checklist|onboarding|product-education|upline-reference","standard","file:D:/momentum-creation-system-v2/knowledge/upline-legacy-makers/extracted/getting-started-checklist.md"
"50","knowledge_source_e9d9c783-a3e2-4ffe-8dd7-d999aea7b999","Upline: Health Professional Script","training","upline-legacy-makers","2026-07-07T23:04:07.630Z","5","general-training","forms-admin|general-training|product-science","","5-point-system|healthcare-professional|scripts|upline-reference","standard","file:D:/momentum-creation-system-v2/knowledge/upline-legacy-makers/extracted/health-professional-script.md"
"51","knowledge_source_a478445a-b5eb-4bcc-970c-6c6117b495bf","Upline: How to Use GLP-THREE","training","upline-legacy-makers","2026-07-07T23:04:07.630Z","28","products","product-science|products","collagene|glp-three|purifi","5-point-system|detox|energy|glp-three|gut-immune|metabolism|product-education|product-usage|skincare|upline-reference","standard","file:D:/momentum-creation-system-v2/knowledge/upline-legacy-makers/extracted/how-to-use-glp-three.md"
"52","knowledge_source_c8a200c9-f4ad-422d-b84f-61f9ef21131f","Upline: In Person Event Invite","training","upline-legacy-makers","2026-07-07T23:04:07.630Z","6","general-training","forms-admin|general-training","","5-point-system|events|invite|scripts|upline-reference","standard","file:D:/momentum-creation-system-v2/knowledge/upline-legacy-makers/extracted/in-person-event-invite.md"
"53","knowledge_source_cf3b60b1-78f4-4d4c-98db-0a625696b67d","Upline: Launch Invite","training","upline-legacy-makers","2026-07-07T23:04:07.630Z","5","general-training","general-training","","5-point-system|invite|launch|scripts|upline-reference","standard","file:D:/momentum-creation-system-v2/knowledge/upline-legacy-makers/extracted/launch-invite.md"
"54","knowledge_source_ecfa9afa-6bee-443d-a66c-901c9af2a2e1","Upline: Overcoming Objections","training","upline-legacy-makers","2026-07-07T23:04:07.630Z","33","general-training","business-building|compensation-plan|forms-admin|general-training|products","","5-point-system|business-building|compensation|gut-immune|objections|product-education|scripts|skincare|upline-reference","high","file:D:/momentum-creation-system-v2/knowledge/upline-legacy-makers/extracted/overcoming-objections.md"
"55","knowledge_source_1a37c385-bc8e-4334-b380-40decee98457","Upline: Patient/Client Script","training","upline-legacy-makers","2026-07-07T23:04:07.630Z","5","general-training","forms-admin|general-training|product-science","","5-point-system|healthcare|patient-client|scripts|upline-reference","standard","file:D:/momentum-creation-system-v2/knowledge/upline-legacy-makers/extracted/patient-client-script.md"
"56","knowledge_source_0c59a650-d667-4e49-be81-7b6c552d0632","Upline: QBA Goal Sheet","training","upline-legacy-makers","2026-07-07T23:04:07.630Z","32","general-training","compensation-plan|forms-admin|general-training|products","","5-point-system|compensation|goals|product-education|qba|upline-reference","high","file:D:/momentum-creation-system-v2/knowledge/upline-legacy-makers/extracted/qba-goal-sheet.md"
"57","knowledge_source_63ebbd19-049b-4e12-a3d9-80fdd6580b29","Upline: Quick Talking Points","training","upline-legacy-makers","2026-07-07T23:04:07.630Z","3","general-training","compensation-plan|forms-admin|general-training|product-science|products","","5-point-system|cellular-absorption|compensation|product-education|scripts|talking-points|upline-reference","high","file:D:/momentum-creation-system-v2/knowledge/upline-legacy-makers/extracted/quick-talking-points.md"
"58","knowledge_source_c4bf4b75-e2a5-4b6e-9b19-88f2a3f3308d","Upline: Scripts for Life","training","upline-legacy-makers","2026-07-07T23:04:07.630Z","18","general-training","business-building|forms-admin|general-training|product-science|products","","5-point-system|business-building|energy|product-education|scripts|skincare|upline-reference","standard","file:D:/momentum-creation-system-v2/knowledge/upline-legacy-makers/extracted/scripts-for-life.md"
"59","knowledge_source_dd443a26-fee6-433b-b8ed-e1031dd25e97","Upline: Share Your Story","training","upline-legacy-makers","2026-07-07T23:04:07.630Z","17","general-training","business-building|forms-admin|general-training|products|vision-strategy","","5-point-system|business-building|energy|product-education|skincare|story|testimonial|upline-reference","standard","file:D:/momentum-creation-system-v2/knowledge/upline-legacy-makers/extracted/share-your-story.md"
"60","knowledge_source_21234dfe-7378-4199-a26b-5016441fe2e0","Upline: Social Text to Close Scripts","training","upline-legacy-makers","2026-07-07T23:04:07.630Z","9","general-training","forms-admin|general-training|product-science|products","glp-three|mbc-267|purifi","5-point-system|closing|detox|metabolism|product-education|scripts|texting|upline-reference","standard","file:D:/momentum-creation-system-v2/knowledge/upline-legacy-makers/extracted/social-text-to-close-scripts.md"
"61","knowledge_source_b45d3a86-ae47-4e54-aa63-6fe373bc2d9d","Upline: Start Messaging Guide","training","upline-legacy-makers","2026-07-07T23:04:07.630Z","9","general-training","business-building|forms-admin|general-training|product-science|products","glp-three|mbc-267|purifi","5-point-system|business-building|detox|invitation|messaging|metabolism|product-education|scripts|upline-reference","standard","file:D:/momentum-creation-system-v2/knowledge/upline-legacy-makers/extracted/start-messaging.md"
"62","knowledge_source_00af7f44-035e-4bd3-87c9-231f5093a487","Upline: Tracker Form T1","training","upline-legacy-makers","2026-07-07T23:04:07.630Z","3","forms-admin","forms-admin","","5-point-system|forms|tracker|upline-reference","standard","file:D:/momentum-creation-system-v2/knowledge/upline-legacy-makers/extracted/tracker-t1.md"
"63","knowledge_source_b8fbaa0a-0760-4bcf-a9fb-1b9189435528","Upline: Tracker Form T2","training","upline-legacy-makers","2026-07-07T23:04:07.630Z","9","forms-admin","business-building|forms-admin|products","","5-point-system|business-building|energy|forms|product-education|tracker|upline-reference","standard","file:D:/momentum-creation-system-v2/knowledge/upline-legacy-makers/extracted/tracker-t2.md"
"64","knowledge_source_ebb8ffe7-2792-4990-85b4-1e93401d98ef","Upline: Tracker Form T3","training","upline-legacy-makers","2026-07-07T23:04:07.630Z","14","forms-admin","business-building|forms-admin|products","","5-point-system|business-building|energy|forms|product-education|tracker|upline-reference","standard","file:D:/momentum-creation-system-v2/knowledge/upline-legacy-makers/extracted/tracker-t3.md"
"65","knowledge_source_e04f1b24-d4f2-4e64-89a7-4bf1f111ce62","Upline: Tracker Form T4","training","upline-legacy-makers","2026-07-07T23:04:07.630Z","1","forms-admin","forms-admin","","5-point-system|forms|tracker|upline-reference","standard","file:D:/momentum-creation-system-v2/knowledge/upline-legacy-makers/extracted/tracker-t4.md"
"66","knowledge_source_c65fc615-322d-4d99-8ab5-1923436209ab","Upline: Tracker Form T5","training","upline-legacy-makers","2026-07-07T23:04:07.630Z","14","forms-admin","forms-admin|products","","5-point-system|forms|product-education|tracker|upline-reference","standard","file:D:/momentum-creation-system-v2/knowledge/upline-legacy-makers/extracted/tracker-t5.md"
"67","knowledge_source_9c0f0c73-e093-4a95-9b42-17b75de61e51","Upline: Tracker Form T6","training","upline-legacy-makers","2026-07-07T23:04:07.630Z","2","forms-admin","forms-admin","","5-point-system|forms|tracker|upline-reference","standard","file:D:/momentum-creation-system-v2/knowledge/upline-legacy-makers/extracted/tracker-t6.md"
"68","knowledge_source_93cf9277-d71c-4ec2-9cd2-033ade0281e1","Upline: Tracker Form T7","training","upline-legacy-makers","2026-07-07T23:04:07.630Z","1","forms-admin","forms-admin","","5-point-system|forms|tracker|upline-reference","standard","file:D:/momentum-creation-system-v2/knowledge/upline-legacy-makers/extracted/tracker-t7.md"
"69","knowledge_source_2bbf9ef9-b52a-4ac1-9104-5c8629f013f5","Upline: Tracker Form T8","training","upline-legacy-makers","2026-07-07T23:04:07.630Z","1","forms-admin","forms-admin","","5-point-system|forms|tracker|upline-reference","standard","file:D:/momentum-creation-system-v2/knowledge/upline-legacy-makers/extracted/tracker-t8.md"
"70","knowledge_source_e43a1457-47ff-4095-956a-0384abf5f520","Upline: Tracker Form T9","training","upline-legacy-makers","2026-07-07T23:04:07.630Z","1","forms-admin","forms-admin","","5-point-system|forms|tracker|upline-reference","standard","file:D:/momentum-creation-system-v2/knowledge/upline-legacy-makers/extracted/tracker-t9.md"
"71","knowledge_source_299660f0-2553-414b-a2f8-cd3896c30ee5","Upline: New BA Welcome Letter","organizational","upline-legacy-makers","2026-07-07T23:04:07.630Z","7","forms-admin","forms-admin|product-science|products|team-training","","5-point-system|onboarding|product-education|upline-reference|welcome","standard","file:D:/momentum-creation-system-v2/knowledge/upline-legacy-makers/extracted/welcome-letter.md"
"72","knowledge_source_c5ab0128-e101-4ef8-b290-4cd740ff1dec","Upline: Healthcare Professional Program Guide","training","upline-legacy-makers","2026-07-08T17:33:17.699Z","14","general-training","general-training|products","collagene|imune|purifi|revive|visage|vitalite","5-point-system|compensation|healthcare-professional|product-education|professionals-track|program|skincare|upline-reference","standard","file:D:/momentum-creation-system-v2/knowledge/upline-legacy-makers/extracted/healthcare-doc-2.md"
"73","knowledge_source_84fb3e88-8e8f-41db-97a5-864717a139ef","Upline: Healthcare Professional Resource","training","upline-legacy-makers","2026-07-08T17:33:17.699Z","7","general-training","forms-admin|general-training|product-science|products","collagene|visage|vitalite","5-point-system|healthcare-professional|product-education|professionals-track|upline-reference","standard","file:D:/momentum-creation-system-v2/knowledge/upline-legacy-makers/extracted/healthcare-doc-3.md"
"74","knowledge_source_955ae04e-3994-42f1-8f5c-5967974486f8","Upline: Healthcare Professional Welcome Letter","organizational","upline-legacy-makers","2026-07-08T17:33:17.699Z","6","forms-admin","forms-admin|product-science|products|team-training","","5-point-system|compensation|healthcare-professional|onboarding|product-education|upline-reference|welcome","standard","file:D:/momentum-creation-system-v2/knowledge/upline-legacy-makers/extracted/healthcare-welcome-letter.md"
"75","knowledge_source_080caf51-90fd-4174-8dc6-226801bdc368","Upline: How to Host Incredible In-Person Events","training","upline-legacy-makers","2026-07-08T17:33:17.699Z","8","general-training","forms-admin|general-training|products","collagene|kynetik","5-point-system|energy|events|hosting|in-person|product-education|upline-reference","standard","file:D:/momentum-creation-system-v2/knowledge/upline-legacy-makers/extracted/host-in-person-events.md"
"76","knowledge_source_598b211c-9cc3-425c-a947-e25a42b9a188","Upline: How to Host an Amazing Open House Wellness Event","training","upline-legacy-makers","2026-07-08T17:33:17.699Z","9","general-training","compensation-plan|general-training|products","collagene|kynetik","5-point-system|compensation|energy|events|gut-immune|hosting|metabolism|open-house|product-education|skincare|upline-reference|wellness","high","file:D:/momentum-creation-system-v2/knowledge/upline-legacy-makers/extracted/host-open-house-wellness-event.md"
"77","knowledge_source_1c4b988e-a61f-4113-b113-62aa45035420","Upline: SmartShip Calendar 2023","training","upline-legacy-makers","2026-07-08T17:33:17.699Z","13","forms-admin","forms-admin|products","","5-point-system|loyalty|product|product-education|smartship|upline-reference","standard","file:D:/momentum-creation-system-v2/knowledge/upline-legacy-makers/extracted/smartship-calendar-2023.md"
"78","knowledge_source_2e9bd2d3-3984-4a9e-a509-9ea98a113d01","The 3-Minute Nighttime Ritual That Will Transform Your Skin","training","three-blog","2026-07-08T19:07:48.947Z","4","products","forms-admin|product-science|products","collagene|purifi|visage","blog|cellular-absorption|detox|product-education|skin-collagen|skincare|three-corporate|wellness","standard","url:https://blog.threeinternational.com/en/3-minute-nighttime-skincare-ritual"
"79","knowledge_source_9257b5c9-e20e-429f-96c8-2663cc98153f","3 Reasons to Kick Off Your Next Good Habit Now","training","three-blog","2026-07-08T19:07:48.947Z","4","wellness-education","products|wellness-education","eternel|imune|purifi|visage","blog|detox|energy|gut-immune|product-education|skincare|three-corporate|wellness","standard","url:https://blog.threeinternational.com/en/3-reasons-to-kick-off-your-next-good-habit-now"
"80","knowledge_source_238fda7d-afd5-4b58-8ceb-8d74b77f46e7","3 Refreshing Cherry Kynetik Drinks You’ll Want to Sip All the Time","training","three-blog","2026-07-08T19:07:48.947Z","3","products","forms-admin|product-science|products","kynetik","blog|cellular-absorption|energy|kynetik-energy|product-education|three-corporate|wellness","standard","url:https://blog.threeinternational.com/en/3-refreshing-cherry-kynetik-drinks-youll-want-to-sip-all-season"
"81","knowledge_source_eb9ce8d2-4b16-4246-a2be-2d230b6c54f1","4 Fun Activities to Keep You Active for the 4th of July","training","three-blog","2026-07-08T19:07:48.947Z","6","wellness-education","forms-admin|product-science|products|wellness-education","collagene|eternel|imune|purifi|revive|vitalite","blog|cellular-absorption|energy|product-education|skincare|three-corporate|wellness","standard","url:https://blog.threeinternational.com/en/4-fun-activities-to-keep-you-active-for-the-fourth-of-july"
"82","knowledge_source_4732bff7-2946-4867-a1f4-8b105e2d2176","5 Things to Look for in a Serum: Your Guide to Choosing the Right Formula","training","three-blog","2026-07-08T19:07:48.947Z","7","products","forms-admin|product-science|products","visage","blog|cellular-absorption|compliance|product-education|skincare|three-corporate|wellness","standard","url:https://blog.threeinternational.com/en/5-things-to-look-for-in-a-serum-your-guide-to-choosing-the-right-formula"
"83","knowledge_source_4527f93c-988e-4284-a08f-cc3f2d8b340d","A Collagen Supplement Unlike the Others","training","three-blog","2026-07-08T19:07:48.947Z","9","products","forms-admin|product-science|products","collagene|imune","blog|cellular-absorption|gut-immune|product-education|skin-collagen|skincare|three-corporate|wellness","standard","url:https://blog.threeinternational.com/en/a-collagen-supplement-unlike-the-others"
"84","knowledge_source_a588b125-80e2-4fcd-bd7b-108ad5cad3c3","Allantoin: The Ingredient Behind Visibly Smoother Skin","training","three-blog","2026-07-08T19:07:48.947Z","4","wellness-education","forms-admin|product-science|products|wellness-education","collagene|visage","blog|cellular-absorption|product-education|product-science|skin-collagen|skincare|three-corporate|wellness","standard","url:https://blog.threeinternational.com/en/allantoin-the-ingredient-behind-visibly-smoother-skin"
"85","knowledge_source_199bccba-ee0a-4abe-b15d-332bfcec43ed","Amino Acids in Vitalité Are the Building Blocks of Wellness","training","three-blog","2026-07-08T19:07:48.947Z","6","products","forms-admin|product-science|products","collagene|glutathione|imune|purifi|vitalite","blog|cellular-absorption|detox|energy|gut-immune|metabolism|product-education|skincare|three-corporate|wellness","standard","url:https://blog.threeinternational.com/en/amino-acids-in-vitalite-are-the-building-blocks-of-wellness"
"86","knowledge_source_f534c95e-ae99-4db5-93b4-e9e00a58a883","Are One-a-Day Multivitamins Worth Taking? Here’s What You Need to Know","training","three-blog","2026-07-08T19:07:48.947Z","5","products","forms-admin|product-science|products","imune|omega-3|vitalite","blog|cellular-absorption|energy|gut-immune|metabolism|product-education|skincare|three-corporate|wellness","standard","url:https://blog.threeinternational.com/en/are-one-a-day-multivitamins-worth-it"
"87","knowledge_source_fd9295c4-edbb-4ab8-bdfa-4da481b40302","Bakuchiol: Nature’s Gentle Touch for Radiant Skin","training","three-blog","2026-07-08T19:07:48.947Z","4","wellness-education","forms-admin|product-science|products|wellness-education","collagene|visage","blog|cellular-absorption|product-education|skin-collagen|skincare|three-corporate|wellness","standard","url:https://blog.threeinternational.com/en/bakuchiol-natures-gentle-touch-for-radiant-skin"
"88","knowledge_source_e98c85d2-79f8-41b7-86c7-634e67c71e02","Behind the Science: How THREE Leads in Bioavailable Wellness","training","three-blog","2026-07-08T19:07:48.947Z","7","product-science","forms-admin|product-science|products","collagene|eternel|imune|purifi|revive|vitalite","blog|cellular-absorption|detox|energy|product-education|product-science|skincare|three-corporate|wellness","standard","url:https://blog.threeinternational.com/en/behind-the-science-how-three-leads-in-bioavailable-wellness"
"89","knowledge_source_ebd954ab-0b78-41f1-b232-b3d955cd2229","5 Benefits of Clean Caffeine Drinks","training","three-blog","2026-07-08T19:07:48.947Z","7","products","forms-admin|product-science|products","kynetik","blog|cellular-absorption|energy|product-education|skincare|three-corporate|wellness","standard","url:https://blog.threeinternational.com/en/benefits-of-clean-caffeine-drinks"
"90","knowledge_source_4dd13a10-c4ab-4cb3-9688-de33928d7f2c","Beyond Clean: Discover the Benefits of Visage Pure Cleanse","training","three-blog","2026-07-08T19:07:48.947Z","5","products","forms-admin|product-science|products","purifi|visage","blog|cellular-absorption|detox|detox-cleanse|product-education|skincare|three-corporate|wellness","standard","url:https://blog.threeinternational.com/en/beyond-clean-discover-the-benefits-of-visage-pure-cleanse"
"91","knowledge_source_bdec4d2c-58d1-48b9-954d-33c93d4fad0c","Beyond Protein: What You’re Missing in Your Exercise Recovery","training","three-blog","2026-07-08T19:07:48.947Z","4","wellness-education","forms-admin|product-science|products|wellness-education","imune|revive","blog|cellular-absorption|energy|gut-immune|product-education|three-corporate|wellness","standard","url:https://blog.threeinternational.com/en/beyond-protein-what-youre-missing-in-your-exercise-recovery"
"92","knowledge_source_3b9cd3d4-6891-4e0c-8fc2-9c623c7df337","The Antioxidant Advantage: Simple Ways to Elevate Your Wellness","training","three-blog","2026-07-08T19:07:48.947Z","8","wellness-education","forms-admin|product-science|products|wellness-education","collagene|coq10|eternel|glutathione|kynetik|omega-3|purifi","blog|cellular-absorption|detox|energy|product-education|skincare|three-corporate|wellness","standard","url:https://blog.threeinternational.com/en/boost-your-antioxidants-naturally-a-guide-to-age-defying-wellness"
"93","knowledge_source_bf171131-d901-486b-bcf6-a3bcbfc10c6e","Cleanse and Reset: Why Detoxing Is the Perfect Way to Start the Year","training","three-blog","2026-07-08T19:07:48.947Z","5","products","forms-admin|product-science|products","purifi","blog|cellular-absorption|detox|detox-cleanse|product-education|skincare|three-corporate|wellness","standard","url:https://blog.threeinternational.com/en/cleanse-and-reset-why-detoxing-is-the-perfect-way-to-end-the-year"
"94","knowledge_source_d403cb02-4f61-4060-8ec5-35274186e558","Collagen 101: Unveiling the Secret to Radiant Skin and Beyond","training","three-blog","2026-07-08T19:07:48.947Z","7","products","forms-admin|product-science|products","collagene|visage","blog|cellular-absorption|gut-immune|product-education|skin-collagen|skincare|three-corporate|wellness","standard","url:https://blog.threeinternational.com/en/collagen-101-unveiling-the-secret-to-radiant-skin-and-beyond"
"95","knowledge_source_24f4f734-8b65-4da9-906f-11a6f3ce8bd1","Debunking The Myths About Detox Supplements","training","three-blog","2026-07-08T19:07:48.947Z","7","products","forms-admin|product-science|products","purifi","blog|cellular-absorption|detox|detox-cleanse|metabolism|product-education|skincare|three-corporate|wellness","standard","url:https://blog.threeinternational.com/en/debunking-the-myths-about-detox-supplements"
"96","knowledge_source_8f54eb28-92c7-43f6-9d36-0ebcfa4141ed","Delicious and Nutrient-Packed Treat for Summer!","training","three-blog","2026-07-08T19:07:48.947Z","6","wellness-education","forms-admin|product-science|products|wellness-education","collagene|eternel","blog|cellular-absorption|product-education|skincare|three-corporate|wellness","standard","url:https://blog.threeinternational.com/en/delicious-and-nutrient-packed-treat-for-summer"
"97","knowledge_source_8e66800f-2e23-423f-8921-b50082eb8ac5","Discover the Untapped Potential of the Pacific Northwest with Dr. Dan","training","three-blog","2026-07-08T19:07:48.947Z","6","wellness-education","forms-admin|product-science|products|wellness-education","imune","blog|cellular-absorption|compliance|energy|gut-immune|metabolism|three-corporate|wellness","standard","url:https://blog.threeinternational.com/en/discover-the-untapped-potential-of-the-pacific-northwest-with-dr-dan"
"98","knowledge_source_8e8277eb-ee6a-47e6-a131-c4cee0d41613","Does a Full Body Detox Really Work?","training","three-blog","2026-07-08T19:07:48.947Z","6","products","forms-admin|product-science|products","purifi","blog|cellular-absorption|detox|detox-cleanse|energy|gut-immune|product-education|skincare|three-corporate|wellness","standard","url:https://blog.threeinternational.com/en/does-a-full-body-detox-really-work"
"99","knowledge_source_9967f085-ff96-47a4-a308-c86b4d49dd57","Empowering Your Success with the New THREE App","training","three-blog","2026-07-08T19:07:48.947Z","4","wellness-education","business-building|forms-admin|product-science|products|wellness-education","","blog|business-building|cellular-absorption|product-education|three-corporate|wellness","standard","url:https://blog.threeinternational.com/en/empowering-your-success-with-the-new-three-app-updates"
"100","knowledge_source_994ab992-aaf0-4a5c-969a-dff1903c97a9","Energize Your Business With Kynetik: Highlights from the THREE Training Zoom","training","three-blog","2026-07-08T19:07:48.947Z","4","products","business-building|forms-admin|product-science|products","kynetik","blog|business-building|energy|kynetik-energy|product-education|three-corporate|wellness","standard","url:https://blog.threeinternational.com/en/energize-your-business-with-kynetik-highlights-from-the-three-training-zoom"
"101","knowledge_source_01720feb-6d62-4559-b884-4527aec5ea4b","Fall in Love With CoQ10","training","three-blog","2026-07-08T19:07:48.947Z","6","products","forms-admin|product-science|products|team-training","coq10|eternel|omega-3","blog|cellular-absorption|energy|metabolism|product-education|three-corporate|wellness","standard","url:https://blog.threeinternational.com/en/fall-in-love-with-coq10"
"102","knowledge_source_0cc27774-6d33-4367-80bd-6d5a2a673a21","Five Key Benefits of Visage Super Serum","training","three-blog","2026-07-08T19:07:48.947Z","7","products","forms-admin|product-science|products","visage","blog|cellular-absorption|product-education|skincare|three-corporate|wellness","standard","url:https://blog.threeinternational.com/en/five-key-benefits-of-visage-super-serum"
"103","knowledge_source_8457e170-e175-425d-9dd6-1e9a86a33f53","Forming Healthy Habits Through Community","training","three-blog","2026-07-08T19:07:48.947Z","8","forms-admin","forms-admin|product-science|products","vitalite","blog|three-corporate|wellness","standard","url:https://blog.threeinternational.com/en/forming-healthy-habits-through-community"
"104","knowledge_source_1b587887-fa3c-4305-bad7-c6f6b20c6076","From Convention to Connection: The Power of Networking","training","three-blog","2026-07-08T19:07:48.947Z","5","business-building","business-building|forms-admin|product-science|products|vision-strategy","","blog|business-building|cellular-absorption|product-education|three-corporate|wellness","standard","url:https://blog.threeinternational.com/en/from-convention-to-connection-the-power-of-networking"
"105","knowledge_source_b4e7be02-c561-422d-b3cc-a515f8eef64b","Glow Up in 2025: Support Your Skin With Radiant Toner","training","three-blog","2026-07-08T19:07:48.947Z","4","products","forms-admin|product-science|products","collagene|purifi|visage","blog|cellular-absorption|detox|product-education|skin-collagen|skincare|three-corporate|wellness","standard","url:https://blog.threeinternational.com/en/glow-up-in-2025-support-your-skin-with-radiant-toner"
"106","knowledge_source_82d62a7a-d0c6-478b-80fc-a0c673e054a7","Introducing GLP THREE","training","three-blog","2026-07-08T19:07:48.947Z","4","products","forms-admin|product-science|products","glp-three|mbc-267","blog|cellular-absorption|energy|glp-three|gut-immune|metabolism|product-education|three-corporate|wellness","standard","url:https://blog.threeinternational.com/en/glp-three"
"107","knowledge_source_e36cecbe-99c4-4aa8-8a3e-d9869c20e7c7","What Makes GLP THREE a Clean, Natural Metabolic Support Formula?","training","three-blog","2026-07-08T19:07:48.947Z","6","products","forms-admin|product-science|products","glp-three|mbc-267","blog|cellular-absorption|glp-three|metabolic-health|metabolism|product-education|three-corporate|wellness","standard","url:https://blog.threeinternational.com/en/glp-three-clean-natural-metabolic-support-formula"
"108","knowledge_source_d919fb76-38ca-44f2-a673-0c72d64cbc20","GLP THREE: Designed for Modern Metabolism","training","three-blog","2026-07-08T19:07:48.947Z","5","products","forms-admin|product-science|products","glp-three|mbc-267","blog|cellular-absorption|energy|glp-three|gut-immune|metabolic-health|metabolism|product-education|three-corporate|wellness","standard","url:https://blog.threeinternational.com/en/glp-three-designed-for-modern-metabolism"
"109","knowledge_source_4f880a67-7954-4174-a5cf-3a369a4e9f5f","The High-Performance Ingredients Inside GLP THREE","training","three-blog","2026-07-08T19:07:48.947Z","6","products","forms-admin|product-science|products","glp-three|mbc-267","blog|cellular-absorption|compliance|energy|glp-three|gut-immune|metabolism|product-education|product-science|three-corporate|wellness","standard","url:https://blog.threeinternational.com/en/glp-three-high-performance-ingredients"
"110","knowledge_source_2f4629d9-5cdb-4e00-bbef-c6400eb40ada","How GLP THREE Supports Healthy Metabolism","training","three-blog","2026-07-08T19:07:48.947Z","3","products","forms-admin|product-science|products","glp-three|mbc-267","blog|energy|glp-three|gut-immune|metabolic-health|metabolism|product-education|three-corporate|wellness","standard","url:https://blog.threeinternational.com/en/how-glp-three-supports-healthy-metabolism"
"111","knowledge_source_6380398c-ef20-40ea-b825-37f45201286a","How GLP THREE Supports&nbsp;Metabolic Activity-Naturally","training","three-blog","2026-07-08T19:07:48.947Z","5","products","forms-admin|product-science|products","glp-three|mbc-267","blog|cellular-absorption|energy|glp-three|gut-immune|metabolic-health|metabolism|product-education|three-corporate|wellness","standard","url:https://blog.threeinternational.com/en/how-glp-three-supports-metabolic-activity-naturally"
"112","knowledge_source_b7bcaaf2-e14f-400b-9e9a-ee9366c47256","How to Beat Winter Skin Blues with Visage Skincare","training","three-blog","2026-07-08T19:07:48.947Z","5","products","forms-admin|product-science|products","collagene|purifi|visage","blog|cellular-absorption|detox|product-education|skin-collagen|skincare|three-corporate|wellness","standard","url:https://blog.threeinternational.com/en/how-to-beat-winter-skin-blues-with-visage-skincare"
"113","knowledge_source_daa12f32-3f26-4d9a-9b1e-8be9a01c72de","How to Choose a Gentle Facial Cleanser for All Skin Types","training","three-blog","2026-07-08T19:07:48.947Z","4","products","forms-admin|product-science|products","collagene|purifi|visage","blog|cellular-absorption|detox|detox-cleanse|energy|product-education|skin-collagen|skincare|three-corporate|wellness","standard","url:https://blog.threeinternational.com/en/how-to-choose-a-gentle-facial-cleanser-for-all-skin-types"
"114","knowledge_source_58018a5b-4b4a-4036-b117-ba6626effae2","How to Curb Cravings Naturally","training","three-blog","2026-07-08T19:07:48.947Z","5","wellness-education","forms-admin|product-science|products|wellness-education","glp-three|mbc-267","blog|cellular-absorption|energy|gut-immune|metabolism|product-education|skincare|three-corporate|wellness","standard","url:https://blog.threeinternational.com/en/how-to-curb-cravings-naturally"
"115","knowledge_source_fe84417f-dae4-48bb-a509-bb0c5edb85af","Introducing a New Kynetik Flavor: Berry Blast","training","three-blog","2026-07-08T19:07:48.947Z","4","products","forms-admin|product-science|products","kynetik","blog|energy|kynetik-energy|metabolism|three-corporate|wellness","standard","url:https://blog.threeinternational.com/en/kynetik-berry-blast"
"116","knowledge_source_9944c998-ad31-44e8-8731-c44b0c94b0d2","Kynetik: The Energy Drink That Hydrates Too","training","three-blog","2026-07-08T19:07:48.947Z","4","products","forms-admin|products","collagene|kynetik","blog|energy|kynetik-energy|skin-collagen|skincare|three-corporate|wellness","standard","url:https://blog.threeinternational.com/en/kynetik-the-energy-drink-that-hydrates-too"
"117","knowledge_source_993fc813-0b6d-47b0-aafc-ca38a8c727f9","Layering Skincare the Right Way: Elevate Your Routine with the Visage Collection","training","three-blog","2026-07-08T19:07:48.947Z","7","products","forms-admin|product-science|products","collagene|purifi|visage","blog|cellular-absorption|detox|product-education|skin-collagen|skincare|three-corporate|wellness","standard","url:https://blog.threeinternational.com/en/layering-skincare-the-right-way-elevate-your-routine-with-the-visage-collection-0"
"118","knowledge_source_bd9bbc92-f0ef-4c11-942b-2aa2b239cb5f","Liposomal Glutathione: Antioxidant Support at the Cellular Level","training","three-blog","2026-07-08T19:07:48.947Z","4","products","forms-admin|product-science|products","collagene|coq10|eternel|glutathione|imune|purifi","blog|cellular-absorption|detox|energy|gut-immune|product-education|skincare|three-corporate|wellness","standard","url:https://blog.threeinternational.com/en/liposomal-glutathione-antioxidant-support-at-the-cellular-level"
"119","knowledge_source_1ddd0748-3fcd-45c2-9c50-e9ba184cd3f9","Mastering Your Supplement Routine with THREE","training","three-blog","2026-07-08T19:07:48.947Z","5","wellness-education","forms-admin|product-science|products|wellness-education","collagene|eternel|imune|purifi|revive|vitalite","blog|cellular-absorption|detox|product-education|three-corporate|wellness","standard","url:https://blog.threeinternational.com/en/mastering-your-supplement-routine-with-three"
"120","knowledge_source_d17edd15-5ede-480e-bd32-a9e6dd43dfec","Inside MBC-267: The Patented Peptide Complex Powering GLP THREETM","training","three-blog","2026-07-08T19:07:48.947Z","5","products","forms-admin|product-science|products","glp-three|mbc-267","blog|cellular-absorption|energy|gut-immune|mbc-267|metabolism|product-education|three-corporate|wellness","standard","url:https://blog.threeinternational.com/en/mbc-267-patented-peptide-complex"
"121","knowledge_source_1862cabb-be7e-4790-95d0-544fbfb4033c","Of Course Men Should Have Great Skin—Let’s Talk About How","training","three-blog","2026-07-08T19:07:48.947Z","4","products","forms-admin|product-science|products","collagene|purifi|visage","blog|cellular-absorption|detox|energy|product-education|skin-collagen|skincare|three-corporate|wellness","standard","url:https://blog.threeinternational.com/en/mens-skincare-with-visage-collection"
"122","knowledge_source_a688b486-84bc-48a4-a362-7dd6994bf65f","Easy Ways to Stay Active + Why a Natural Joint Recovery Supplement Matters","training","three-blog","2026-07-08T19:07:48.947Z","6","wellness-education","forms-admin|product-science|products|wellness-education","eternel|revive","blog|cellular-absorption|energy|gut-immune|metabolism|product-education|three-corporate|wellness","standard","url:https://blog.threeinternational.com/en/natural-joint-recovery-supplement"
"123","knowledge_source_6f242081-f7a4-4ccb-8bad-2c3bcb3f7919","Looking for a New Liquid Collagen?","training","three-blog","2026-07-08T19:07:48.947Z","5","products","forms-admin|product-science|products","collagene","blog|cellular-absorption|product-education|skin-collagen|skincare|three-corporate|wellness","standard","url:https://blog.threeinternational.com/en/new-liquid-collagen-alternative"
"124","knowledge_source_77f389a6-ada6-4333-8387-347822dd5d8b","New Year, New Vitality: Kickstart 2025 with a Daily Wellness Habit","training","three-blog","2026-07-08T19:07:48.947Z","5","wellness-education","forms-admin|product-science|products|wellness-education","purifi|revive|vitalite","blog|cellular-absorption|detox|energy|product-education|skincare|three-corporate|wellness","standard","url:https://blog.threeinternational.com/en/new-year-new-vitality-kickstart-2025-with-a-daily-wellness-habit"
"125","knowledge_source_f495e205-50df-4352-8515-767cc2d1867d","Plant-Based Power: THREE Has Vegan-Friendly Supplements","training","three-blog","2026-07-08T19:07:48.947Z","5","wellness-education","forms-admin|product-science|products|wellness-education","imune|purifi","blog|cellular-absorption|detox|gut-immune|product-education|three-corporate|wellness","standard","url:https://blog.threeinternational.com/en/plant-based-power-three-has-vegan-friendly-supplements"
"126","knowledge_source_6dc5bba8-8684-4a42-bc4c-e20070935a11","Post-Exercise Support for Your Skin and Body","training","three-blog","2026-07-08T19:07:48.947Z","6","wellness-education","forms-admin|product-science|products|wellness-education","collagene|revive|visage","blog|cellular-absorption|product-education|skin-collagen|skincare|three-corporate|wellness","standard","url:https://blog.threeinternational.com/en/post-exercise-support-for-your-skin-and-body"
"127","knowledge_source_3d0d285f-755f-4866-b57e-77cd7395b34e","Refresh From Within: How Purifí Supports Natural Detox Pathways","training","three-blog","2026-07-08T19:07:48.947Z","6","products","forms-admin|product-science|products","collagene|eternel|imune|purifi|revive|vitalite","blog|cellular-absorption|detox|detox-cleanse|energy|gut-immune|metabolism|product-education|skincare|three-corporate|wellness","standard","url:https://blog.threeinternational.com/en/purifi-detox-support-natural-pathways"
"128","knowledge_source_f347461b-f5e1-401a-b101-ac0c58f09800","Quorum Sensing Explained for Immune Support","training","three-blog","2026-07-08T19:07:48.947Z","6","products","forms-admin|product-science|products","eternel|imune|vitalite","blog|cellular-absorption|gut-immune|product-education|three-corporate|wellness","standard","url:https://blog.threeinternational.com/en/quorum-sensing-explained-for-immune-support"
"129","knowledge_source_713ccd45-cebc-4210-b9c1-029cf02c24f8","A Synergy of Skin and Cellular Support","training","three-blog","2026-07-08T19:07:48.947Z","6","wellness-education","forms-admin|product-science|products|wellness-education","collagene|eternel|visage","blog|cellular-absorption|product-education|skin-collagen|skincare|three-corporate|wellness","standard","url:https://blog.threeinternational.com/en/radiance-inside-and-out-a-dynamic-duo-for-skin-and-wellness"
"130","knowledge_source_d0a9c793-6b69-43a1-b110-63c33e63d6a7","Real Stories, Real Results for Healthier Looking Skin","training","three-blog","2026-07-08T19:07:48.947Z","5","wellness-education","forms-admin|product-science|products|wellness-education","collagene|visage","blog|cellular-absorption|product-education|skin-collagen|skincare|three-corporate|wellness","standard","url:https://blog.threeinternational.com/en/real-stories-real-results-for-healthier-looking-skin"
"131","knowledge_source_a1460604-dd16-457f-883a-6513d119d922","Reasons to Love Liquid &amp; Marine Collagen","training","three-blog","2026-07-08T19:07:48.947Z","7","products","forms-admin|product-science|products","collagene|imune","blog|cellular-absorption|gut-immune|product-education|skin-collagen|skincare|three-corporate|wellness","standard","url:https://blog.threeinternational.com/en/reasons-to-love-liquid-and-marine-collagen"
"132","knowledge_source_655fea3b-8c6c-4b23-a83d-41206d88a56c","A Message from Our CEO: Reflecting on an Incredible Year at THREE International","training","three-blog","2026-07-08T19:07:48.947Z","4","wellness-education","forms-admin|product-science|products|vision-strategy|wellness-education","purifi|visage","blog|cellular-absorption|detox|product-education|skincare|three-corporate|wellness","standard","url:https://blog.threeinternational.com/en/reflecting-on-an-incredible-year-with-three"
"133","knowledge_source_742fd41d-59ca-4701-a647-0d4054973dac","Exploring the Incredible Benefits of Resveratrol","training","three-blog","2026-07-08T19:07:48.947Z","4","products","forms-admin|product-science|products","coq10|eternel|glutathione|imune","blog|cellular-absorption|energy|gut-immune|product-education|skincare|three-corporate|wellness","standard","url:https://blog.threeinternational.com/en/resveratrol-eternel-antioxidant-support"
"134","knowledge_source_f6589611-5990-4beb-99ae-feb28d1480ea","Dr. Dan’s Breakthroughs at THREE","training","three-blog","2026-07-08T19:07:48.947Z","7","product-science","forms-admin|product-science|products|vision-strategy","eternel","blog|cellular-absorption|product-education|product-science|skincare|three-corporate|wellness","standard","url:https://blog.threeinternational.com/en/revolutionizing-supplement-science-disover-biovailability-breakthroughs-with-dr-dan"
"135","knowledge_source_2eebf433-9b8d-4d0f-a37a-c41dc93d446f","See the World with THREE—Join Us in Hong Kong!","training","three-blog","2026-07-08T19:07:48.947Z","6","wellness-education","business-building|forms-admin|product-science|products|vision-strategy|wellness-education","","blog|business-building|cellular-absorption|product-education|three-corporate|wellness","standard","url:https://blog.threeinternational.com/en/see-the-world-with-three-join-us-in-hong-kong"
"136","knowledge_source_26ecabbb-c0e8-4c73-bf80-10bc8578b2a2","7 Signs You Need a Skincare Serum","training","three-blog","2026-07-08T19:07:48.947Z","6","products","forms-admin|product-science|products","collagene|visage","blog|cellular-absorption|product-education|skin-collagen|skincare|three-corporate|wellness","standard","url:https://blog.threeinternational.com/en/signs-you-need-a-skincare-serum"
"137","knowledge_source_8ac2fe1f-1fb8-45d2-8ae6-f9a4ba3c0248","Simple Habits to Keep Your Energy Flowing Through the Holidays","training","three-blog","2026-07-08T19:07:48.947Z","6","wellness-education","compliance-policies|forms-admin|product-science|products|wellness-education","kynetik|omega-3|vitalite","blog|cellular-absorption|compliance|energy|gut-immune|kynetik-energy|product-education|three-corporate|wellness","high","url:https://blog.threeinternational.com/en/simple-habits-to-keep-your-energy-flowing-through-the-holidays"
"138","knowledge_source_61d1116f-4cea-4168-82cd-a0ca1bf6e29d","Six Everyday Habits That Impact Immune Health","training","three-blog","2026-07-08T19:07:48.947Z","6","products","forms-admin|product-science|products","glutathione|imune","blog|cellular-absorption|energy|gut-immune|product-education|three-corporate|wellness","standard","url:https://blog.threeinternational.com/en/six-everyday-habits-that-impact-immune-health"
"139","knowledge_source_928dc2ba-8d3f-4a08-b1da-def1af09bad8","Skincare for Men Made Simple: Look and Feel Your Best with Visage","training","three-blog","2026-07-08T19:07:48.947Z","5","products","forms-admin|product-science|products","collagene|purifi|visage","blog|cellular-absorption|detox|product-education|skin-collagen|skincare|three-corporate|wellness","standard","url:https://blog.threeinternational.com/en/skincare-for-men-made-simple-look-and-feel-your-best-with-visage"
"140","knowledge_source_f8252249-a694-4aac-8b8c-e18bcc1e3bb3","Support Your Gut Health with These Three Essential Wellness Supplements","training","three-blog","2026-07-08T19:07:48.947Z","7","wellness-education","forms-admin|product-science|products|wellness-education","imune|revive|vitalite","blog|cellular-absorption|energy|gut-immune|product-education|three-corporate|wellness","standard","url:https://blog.threeinternational.com/en/support-your-gut-health-with-these-three-essential-wellness-supplements"
"141","knowledge_source_444ac45d-49b7-4155-9c1b-f374a2cfe69f","The Benefits of Omega-3 Fish Oil","training","three-blog","2026-07-08T19:07:48.947Z","8","products","forms-admin|product-science|products","imune|omega-3|vitalite","blog|cellular-absorption|energy|gut-immune|metabolism|product-education|three-corporate|wellness","standard","url:https://blog.threeinternational.com/en/the-benefits-of-omega-3-fish-oil"
"142","knowledge_source_7563df3a-f151-4e07-b9dc-4e24a8baa20d","The Best Liquid Collagen Is Also the Most Absorbable","training","three-blog","2026-07-08T19:07:48.947Z","6","products","forms-admin|product-science|products","collagene","blog|cellular-absorption|gut-immune|product-education|skin-collagen|skincare|three-corporate|wellness","standard","url:https://blog.threeinternational.com/en/the-best-liquid-collagen-is-also-the-most-absorbable"
"143","knowledge_source_3e4cf597-b061-492c-9f2a-22a53bad3dd3","The Cellular Power of An Omega-3 Supplement","training","three-blog","2026-07-08T19:07:48.947Z","5","products","forms-admin|product-science|products","imune|omega-3|vitalite","blog|cellular-absorption|detox|energy|gut-immune|product-education|skincare|three-corporate|wellness","standard","url:https://blog.threeinternational.com/en/the-cellular-power-of-an-omega-3-supplement"
"144","knowledge_source_8e554869-8c52-4724-92b4-712de768552c","The Essential Step Your Skincare Routine Has Been Missing","training","three-blog","2026-07-08T19:07:48.947Z","5","products","forms-admin|product-science|products","collagene|purifi|visage","blog|cellular-absorption|detox|product-education|skin-collagen|skincare|three-corporate|wellness","standard","url:https://blog.threeinternational.com/en/the-essential-step-your-skincare-routine-has-been-missing"
"145","knowledge_source_9d3e6e45-7efe-4cef-b767-cf47739ac2ae","The Healthy Benefits of Allantoin: A Skincare Essential","training","three-blog","2026-07-08T19:07:48.947Z","5","products","forms-admin|product-science|products","collagene|visage","blog|cellular-absorption|product-education|skin-collagen|skincare|three-corporate|wellness","standard","url:https://blog.threeinternational.com/en/the-healthy-benefits-of-allantoin-a-skincare-essential"
"146","knowledge_source_f12819ba-6c16-429e-a97a-0073407b8841","The Link Between Synthetic Caffeine and the &quot;Crash&quot;","training","three-blog","2026-07-08T19:07:48.947Z","5","wellness-education","forms-admin|product-science|products|wellness-education","kynetik|purifi","blog|cellular-absorption|detox|energy|metabolism|product-education|three-corporate|wellness","standard","url:https://blog.threeinternational.com/en/the-link-between-synthetic-caffeine-and-the-crash"
"147","knowledge_source_91c98193-c119-469a-8044-4457e3fe59b2","The Many Nutritional Benefits of Mushrooms","training","three-blog","2026-07-08T19:07:48.947Z","8","wellness-education","forms-admin|product-science|products|wellness-education","imune|revive","blog|cellular-absorption|compliance|energy|gut-immune|product-education|skincare|three-corporate|wellness","standard","url:https://blog.threeinternational.com/en/the-many-nutritional-benefits-of-mushrooms"
"148","knowledge_source_02c9d616-b867-4890-8694-eedd582ff08f","The Overlooked Hormone Behind Metabolic Health","training","three-blog","2026-07-08T19:07:48.947Z","6","wellness-education","forms-admin|product-science|products|wellness-education","glp-three|mbc-267","blog|cellular-absorption|energy|gut-immune|metabolic-health|metabolism|product-education|three-corporate|wellness","standard","url:https://blog.threeinternational.com/en/the-overlooked-hormone-behind-metabolic-health"
"149","knowledge_source_5374fb2a-0921-48ab-b8e5-9acb335b4689","The Real Deal: Turmeric &amp; Ginger’s Synergistic Power","training","three-blog","2026-07-08T19:07:48.947Z","6","wellness-education","forms-admin|product-science|products|wellness-education","revive","blog|cellular-absorption|gut-immune|product-education|three-corporate|wellness","standard","url:https://blog.threeinternational.com/en/the-real-deal-turmeric-gingers-synergistic-power"
"150","knowledge_source_43e54d79-836c-4d99-bdf7-6bf20753f6ac","The Real Monsters: How Heavy Metals Can Haunt Your Health","training","three-blog","2026-07-08T19:07:48.947Z","7","wellness-education","forms-admin|product-science|products|vision-strategy|wellness-education","imune","blog|cellular-absorption|detox|gut-immune|product-education|skincare|three-corporate|wellness","standard","url:https://blog.threeinternational.com/en/the-real-monsters-how-heavy-metals-can-haunt-your-health"
"151","knowledge_source_d8935002-1fce-43ec-a8e1-08458e027cfc","The Role of Probiotics and Your Digestion","training","three-blog","2026-07-08T19:07:48.947Z","5","wellness-education","forms-admin|product-science|products|wellness-education","imune|omega-3|vitalite","blog|cellular-absorption|energy|gut-immune|three-corporate|wellness","standard","url:https://blog.threeinternational.com/en/the-role-of-probiotics-and-your-digestion"
"152","knowledge_source_3cf7cbbd-0907-4e96-8485-56a5e9c93471","The Science of Cellular Absorption: Why GLP THREE is Different","training","three-blog","2026-07-08T19:07:48.947Z","8","products","forms-admin|product-science|products","glp-three|mbc-267","blog|cellular-absorption|energy|glp-three|gut-immune|metabolism|product-education|product-science|three-corporate|wellness","standard","url:https://blog.threeinternational.com/en/the-science-of-cellular-absorption-why-glp-three-is-different"
"153","knowledge_source_53f7018a-ce7b-4b94-82f9-ebba99436c7e","The Science of Luxury: Introducing Visage Crème Caviar","training","three-blog","2026-07-08T19:07:48.947Z","4","products","forms-admin|product-science|products","purifi|visage","blog|cellular-absorption|detox|product-education|product-science|skincare|three-corporate|wellness","standard","url:https://blog.threeinternational.com/en/the-science-of-luxury-introducing-visage-creme-caviar"
"154","knowledge_source_998754d6-bb89-4620-820a-fdab623491ae","The Secret to Supporting Your Body’s Natural Defenses","training","three-blog","2026-07-08T19:07:48.947Z","6","wellness-education","forms-admin|product-science|products|wellness-education","coq10|eternel|glutathione|imune|purifi","blog|cellular-absorption|detox|gut-immune|metabolism|product-education|three-corporate|wellness","standard","url:https://blog.threeinternational.com/en/the-secret-to-supporting-your-bodys-natural-defenses"
"155","knowledge_source_2074082a-b564-4018-af6f-3cbdfc46c87c","The Social Media Advantage: Grow Your THREE Business Online","training","three-blog","2026-07-08T19:07:48.947Z","5","business-building","business-building|forms-admin|products","","blog|business-building|product-education|three-corporate|wellness","standard","url:https://blog.threeinternational.com/en/the-social-media-advantage-grow-your-three-business-online"
"156","knowledge_source_1de1282b-63a0-4832-ab84-069718e983be","The Ultimate Inside-Outside Duo for Radiant Skin","training","three-blog","2026-07-08T19:07:48.947Z","6","wellness-education","forms-admin|product-science|products|wellness-education","collagene|visage","blog|cellular-absorption|gut-immune|product-education|skin-collagen|skincare|three-corporate|wellness","standard","url:https://blog.threeinternational.com/en/the-ultimate-inside-outside-duo-for-radiant-skin"
"157","knowledge_source_9ac10e1c-328e-47a6-971c-f408173709b8","Think Outside the Jar: Creative Ways to Reuse Your Supplement Containers","training","three-blog","2026-07-08T19:07:48.947Z","5","wellness-education","forms-admin|product-science|products|wellness-education","visage","blog|cellular-absorption|product-education|skincare|three-corporate|wellness","standard","url:https://blog.threeinternational.com/en/think-outside-the-jar-creative-ways-to-reuse-your-supplement-containers"
"158","knowledge_source_89186a9d-da2b-4e5a-a933-ff722e0052e0","THREE Black Friday Discounts","training","three-blog","2026-07-08T19:07:48.947Z","3","wellness-education","forms-admin|product-science|products|wellness-education","collagene|eternel|imune|kynetik|purifi|revive|visage|vitalite","blog|cellular-absorption|detox|energy|gut-immune|product-education|skincare|three-corporate|wellness","standard","url:https://blog.threeinternational.com/en/three-black-friday-discounts"
"159","knowledge_source_a6152d90-2bd4-49a1-b0e4-a4dc25236317","Clinical Study Results: THREE is Backed by Science","training","three-blog","2026-07-08T19:07:48.947Z","7","product-science","forms-admin|product-science|products","collagene|eternel|imune|purifi|revive|vitalite","blog|cellular-absorption|gut-immune|product-education|product-science|skincare|three-corporate|wellness","standard","url:https://blog.threeinternational.com/en/three-supplements-clinical-study-results"
"160","knowledge_source_17b54b3d-7888-4012-b91a-d388c361fbe3","Haven’t Been to the Gym in a While? Tips to Restart a Routine (and Actually Stick to It)","training","three-blog","2026-07-08T19:07:48.947Z","7","wellness-education","forms-admin|product-science|products|wellness-education","purifi|revive","blog|cellular-absorption|detox|metabolism|product-education|skincare|three-corporate|wellness","standard","url:https://blog.threeinternational.com/en/tips-to-restart-a-gym-routine-and-actually-stick-to-it"
"161","knowledge_source_291e1f14-9892-4f7b-8fd7-b3de23580567","Top 6 Must-Have Skincare Ingredients for Vibrant Skin","training","three-blog","2026-07-08T19:07:48.947Z","5","products","forms-admin|product-science|products","collagene|purifi|visage","blog|cellular-absorption|detox|product-education|product-science|skin-collagen|skincare|three-corporate|wellness","standard","url:https://blog.threeinternational.com/en/top-must-have-skincare-ingredients-for-vibrant-skin-06"
"162","knowledge_source_f914d973-0173-4572-8c2e-1def521448de","Unlocking the Keys to Cellular Absorption","training","three-blog","2026-07-08T19:07:48.947Z","7","product-science","forms-admin|product-science|products","collagene|eternel","blog|cellular-absorption|gut-immune|product-education|product-science|skincare|three-corporate|wellness","standard","url:https://blog.threeinternational.com/en/unlocking-the-keys-to-cellular-absorption-with-three"
"163","knowledge_source_7e6bb4b4-e37e-49bc-8180-c54d8231c06e","Unveiling Revíve’s Benefits: A Study on Superoxide","training","three-blog","2026-07-08T19:07:48.947Z","6","products","forms-admin|product-science|products","imune|revive","blog|cellular-absorption|gut-immune|product-education|product-science|three-corporate|wellness","standard","url:https://blog.threeinternational.com/en/unveiling-revives-benefits-a-study-on-superoxide"
"164","knowledge_source_01517f46-24f6-4ea4-af67-970b523c8762","Using Visage Pure Cleanse as a Restorative Face Mask","training","three-blog","2026-07-08T19:07:48.947Z","4","products","business-building|forms-admin|product-science|products","purifi|visage","blog|business-building|cellular-absorption|detox|detox-cleanse|product-education|skincare|three-corporate|wellness","standard","url:https://blog.threeinternational.com/en/using-visage-pure-cleanse-as-a-restorative-face-mask"
"165","knowledge_source_24280c6d-9217-4195-bc03-2acba2785376","Clean Skin, Confident You: Why Cleansing Should Always Be Step One","training","three-blog","2026-07-08T19:07:48.947Z","4","products","forms-admin|product-science|products","collagene|purifi|visage","blog|cellular-absorption|detox|product-education|skin-collagen|skincare|three-corporate|wellness","standard","url:https://blog.threeinternational.com/en/visage-skincare-cleansing-routine"
"166","knowledge_source_e26d1696-68ab-45e6-b7a4-1083916329e3","Visage Super Serum Is More Than Just a Vitamin C Serum","training","three-blog","2026-07-08T19:07:48.947Z","5","products","forms-admin|product-science|products","collagene|visage","blog|cellular-absorption|product-education|skincare|three-corporate|wellness","standard","url:https://blog.threeinternational.com/en/visage-super-serum-is-more-than-just-a-vitamin-c-serum"
"167","knowledge_source_b304f09b-10b9-4dea-9857-1a0703d7926c","Water-Based vs. Oil-Based Serums—Which Is Right for You?","training","three-blog","2026-07-08T19:07:48.947Z","8","products","forms-admin|product-science|products","visage","blog|cellular-absorption|product-education|skincare|three-corporate|wellness","standard","url:https://blog.threeinternational.com/en/water-based-vs-oil-based-serums-which-is-right-for-you"
"168","knowledge_source_e32623a7-b724-4ac0-9569-ed16eca708c3","From the Norwegian Sea to Your Wellness Routine: The Story Behind MBC-267","training","three-blog","2026-07-08T19:07:48.947Z","6","products","forms-admin|product-science|products","glp-three|mbc-267|omega-3","blog|cellular-absorption|mbc-267|metabolism|product-education|three-corporate|wellness","standard","url:https://blog.threeinternational.com/en/wellness-routine-the-story-behind-mbc-267"
"169","knowledge_source_6287d5b7-15c7-4b5f-b930-752618c9e18e","What Are Liposomal Supplements—And Should You Make The Switch?","training","three-blog","2026-07-08T19:07:48.947Z","7","wellness-education","forms-admin|product-science|products|wellness-education","eternel|glutathione|imune|purifi|revive","blog|cellular-absorption|detox|gut-immune|product-education|three-corporate|wellness","standard","url:https://blog.threeinternational.com/en/what-are-liposomal-supplements-and-should-you-make-the-switch"
"170","knowledge_source_1bf5d5ca-948e-45ce-a6c3-b5cc248af08a","What is a Neurocosmetic? Unlocking the Connection Between Skin and Mind","training","three-blog","2026-07-08T19:07:48.947Z","5","wellness-education","forms-admin|product-science|products|wellness-education","collagene|visage","blog|cellular-absorption|product-education|skin-collagen|skincare|three-corporate|wellness","standard","url:https://blog.threeinternational.com/en/what-is-a-neurocosmetic-unlocking-the-connection-between-skin-and-mind"
"171","knowledge_source_2e5ae261-00b3-4ba0-97a6-4bfc958d2543","What Is Liquid Collagen: The Supplement Everyone’s Talking About","training","three-blog","2026-07-08T19:07:48.947Z","4","products","forms-admin|product-science|products","collagene|visage","blog|cellular-absorption|energy|gut-immune|product-education|skin-collagen|skincare|three-corporate|wellness","standard","url:https://blog.threeinternational.com/en/what-is-liquid-collagen-the-supplement-everyones-talking-about"
"172","knowledge_source_b173832b-fae0-4b7e-9fca-219dc8c8e325","What is Yerba Santa?","training","three-blog","2026-07-08T19:07:48.947Z","5","wellness-education","forms-admin|product-science|products|wellness-education","kynetik","blog|cellular-absorption|energy|product-education|three-corporate|wellness","standard","url:https://blog.threeinternational.com/en/what-is-yerba-santa"
"173","knowledge_source_926024da-ea85-4bb4-b4ad-8b737a123be7","When To Do A Full Body Cleanse","training","three-blog","2026-07-08T19:07:48.947Z","6","products","product-science|products","purifi","blog|detox|detox-cleanse|energy|product-education|skincare|three-corporate|wellness","standard","url:https://blog.threeinternational.com/en/when-to-do-a-full-body-cleanse"
"174","knowledge_source_8ab5822a-199c-4e6c-8af5-d69e2b3c9932","Fresh Start, Fresh Skin: Why Cleansing is the First Step to a Better You in 2025","training","three-blog","2026-07-08T19:07:48.947Z","4","wellness-education","forms-admin|product-science|products|wellness-education","purifi|visage","blog|cellular-absorption|detox|product-education|skincare|three-corporate|wellness","standard","url:https://blog.threeinternational.com/en/why-cleansing-is-the-first-step-to-a-better-you-in-2025"
"175","knowledge_source_214b71c5-57b8-4665-b534-50c658961e76","Why Most Energy Drinks Still Miss The Mark","training","three-blog","2026-07-08T19:07:48.947Z","5","products","forms-admin|product-science|products","kynetik","blog|cellular-absorption|energy|kynetik-energy|product-education|three-corporate|wellness","standard","url:https://blog.threeinternational.com/en/why-most-energy-drinks-still-miss-the-mark"
"176","knowledge_source_e3d56f53-7625-4255-b9f7-b93023601993","Why Skin Hydration Is the Foundation of Healthy Aging","training","three-blog","2026-07-08T19:07:48.947Z","5","wellness-education","forms-admin|product-science|products|wellness-education","collagene|kynetik|purifi|visage","blog|detox|energy|kynetik-energy|product-education|skin-collagen|skincare|three-corporate|wellness","standard","url:https://blog.threeinternational.com/en/why-skin-hydration-is-the-foundation-of-healthy-aging"
"177","knowledge_source_5d7945c2-d934-4439-8850-d711cbe1163c","Why You’re Always Hungry (Even After Eating)","training","three-blog","2026-07-08T19:07:48.947Z","9","wellness-education","forms-admin|product-science|products|wellness-education","glp-three","blog|cellular-absorption|gut-immune|metabolism|product-education|three-corporate|wellness","standard","url:https://blog.threeinternational.com/en/why-youre-always-hungry-even-after-eating"
"178","knowledge_source_ec6b222c-d6c1-4b5a-9ad6-76275c32c5d2","A Guide to the ‘biotics: Pre and Postbiotics in Purifí and Vitalité","training","three-blog","2026-07-08T22:00:47.161Z","5","products","forms-admin|product-science|products","imune|purifi|vitalite","blog|cellular-absorption|detox|gut-immune|metabolism|product-education|skincare|three-corporate|wellness","standard","url:https://blog.threeinternational.com/en/a-guide-to-the-biotics-pre-and-probiotics-in-purifí-and-vitalité"
"179","knowledge_source_e61beb11-4fd4-474b-8c3d-8ca972017567","A Look Inside the Imúne Formula","training","three-blog","2026-07-08T22:00:47.161Z","5","products","forms-admin|product-science|products","imune|vitalite","blog|cellular-absorption|energy|gut-immune|product-education|three-corporate|wellness","standard","url:https://blog.threeinternational.com/en/a-look-inside-the-imúne-formula"
"180","knowledge_source_dd50db17-2a1e-4869-97fe-2004fb019339","Behind the Formula: What Makes Éternel So Effective","training","three-blog","2026-07-08T22:00:47.161Z","5","products","forms-admin|product-science|products","coq10|eternel|glutathione|purifi","blog|cellular-absorption|detox|energy|gut-immune|product-education|three-corporate|wellness","standard","url:https://blog.threeinternational.com/en/behind-the-formula-what-makes-éternel-so-effective"
"181","knowledge_source_3e6cdbdb-7f2e-425a-bddc-63d8e96136b8","Collagène: Supporting Beauty From Within","training","three-blog","2026-07-08T22:00:47.161Z","7","products","forms-admin|product-science|products","collagene|visage","blog|cellular-absorption|gut-immune|product-education|skincare|three-corporate|wellness","standard","url:https://blog.threeinternational.com/en/collagène-supporting-beauty-from-within"
"182","knowledge_source_5c24a623-b799-4383-a155-0f7db0c411ac","Dr. Dan’s Guest Appearance on the Optimal Protein Podcast with Vanessa Spina","training","three-blog","2026-07-08T22:00:47.161Z","7","wellness-education","forms-admin|product-science|products|wellness-education","vitalite","blog|cellular-absorption|energy|product-education|three-corporate|wellness","standard","url:https://blog.threeinternational.com/en/dr.-dan-guest-appearance-on-the-optimal-protein-podcast-with-vanessa-spina"
"183","knowledge_source_a0d294ae-c179-494a-b38e-5bd8e7940b28","A Message of Gratitude from THREE CEO Daniel Picou - III International","training","three-blog","2026-07-08T22:00:47.161Z","3","wellness-education","forms-admin|product-science|products|wellness-education","","blog|energy|product-education|three-corporate|wellness","standard","url:https://blog.threeinternational.com/en/en/blog/a-message-of-gratitude-from-three-ceo-daniel-picou"
"184","knowledge_source_3e5acc11-1a1e-402d-bbfa-28c4d7edda93","Quality &amp; Efficacy of THREE Supplements","training","three-blog","2026-07-08T22:00:47.161Z","4","wellness-education","forms-admin|product-science|products|wellness-education","collagene|eternel|imune|purifi|revive|vitalite","blog|cellular-absorption|gut-immune|product-education|skincare|three-corporate|wellness","standard","url:https://blog.threeinternational.com/en/en/blog/quality-efficacy-of-three-supplments"
"185","knowledge_source_baab949a-a0be-40fd-b708-1855be6acff1","Love Your Skin With Collagène","training","three-blog","2026-07-08T22:00:47.161Z","6","products","forms-admin|product-science|products","collagene|imune|visage","blog|cellular-absorption|gut-immune|product-education|skincare|three-corporate|wellness","standard","url:https://blog.threeinternational.com/en/en/blog/quality-efficacy-of-three-supplments-0"
"186","knowledge_source_97f0b6f6-12aa-4bc8-a1d0-2d6cef3676dd","The Significance of Third-Party Testing for Supplements","training","three-blog","2026-07-08T22:00:47.161Z","10","product-science","forms-admin|product-science|products","","blog|cellular-absorption|compliance|detox|product-education|three-corporate|wellness","standard","url:https://blog.threeinternational.com/en/en/blog/quality-efficacy-of-three-supplments-1"
"187","knowledge_source_babb1f54-acd5-428a-aef4-54b7a9e1e4fc","The Three Pillars of Bioavailable Wellness - III International","training","three-blog","2026-07-08T22:00:47.161Z","7","product-science","forms-admin|product-science|products","","blog|cellular-absorption|product-education|three-corporate|wellness","standard","url:https://blog.threeinternational.com/en/en/blog/the-three-pillars-of-bioavailable-wellness"
"188","knowledge_source_9236d9ce-6fe9-4ef8-931f-92317c6419f4","Three Proactive Tips to Supporting Foundational Health - III International","training","three-blog","2026-07-08T22:00:47.161Z","10","wellness-education","forms-admin|product-science|products|wellness-education","omega-3|vitalite","blog|cellular-absorption|energy|gut-immune|product-education|skincare|three-corporate|wellness","standard","url:https://blog.threeinternational.com/en/en/blog/three-proactive-tips-to-supporting-foundational-health"
"189","knowledge_source_4b5b9fa2-2493-4efb-a459-26d8880362c2","Everything You Need to Know About Visage Crème Caviar","training","three-blog","2026-07-08T22:00:47.161Z","8","products","forms-admin|product-science|products","collagene|purifi|visage","blog|cellular-absorption|detox|product-education|skincare|three-corporate|wellness","standard","url:https://blog.threeinternational.com/en/everything-you-need-to-know-about-visage-crème-caviar"
"190","knowledge_source_2785a946-6102-4407-aa31-ba1bd776d76c","Exploring Nature","training","three-blog","2026-07-08T22:00:47.161Z","7","wellness-education","forms-admin|product-science|products|wellness-education","imune","blog|cellular-absorption|gut-immune|three-corporate|wellness","standard","url:https://blog.threeinternational.com/en/exploring-natures-winter-bounty-with-dr.-dan"
"191","knowledge_source_2a9aad40-3a7f-401d-8250-75513f8e97b4","Exploring the Hottest Place on Earth with Dr. Dan","training","three-blog","2026-07-08T22:00:47.161Z","6","wellness-education","forms-admin|product-science|products|wellness-education","purifi","blog|cellular-absorption|energy|gut-immune|product-education|skincare|three-corporate|wellness","standard","url:https://blog.threeinternational.com/en/exploring-the-hottest-place-on-earth-with-dr.-dan"
"192","knowledge_source_902d80a5-b394-40cc-9c29-88782ed6ce02","Revíve and Thrive: Enhancing Your Exercise Routine","training","three-blog","2026-07-08T22:00:47.161Z","5","products","forms-admin|product-science|products","revive","blog|cellular-absorption|energy|product-education|three-corporate|wellness","standard","url:https://blog.threeinternational.com/en/revíve-and-thrive-enhancing-your-excercise-routine"
"193","knowledge_source_27e8dcdf-eaaa-44cc-b21b-ef3869131e3f","Revíve: From Concept to Cellular Support","training","three-blog","2026-07-08T22:00:47.161Z","5","products","product-science|products","revive","blog|cellular-absorption|gut-immune|product-education|three-corporate|wellness","standard","url:https://blog.threeinternational.com/en/revíve-from-concept-to-cellular-support"
"194","knowledge_source_5c7a7d5c-cf47-4d7f-a90b-d9574b504c79","Visage and Vitalité for Total Wellness and Radiant Skin","training","three-blog","2026-07-08T22:00:47.161Z","5","products","forms-admin|product-science|products","collagene|omega-3|visage|vitalite","blog|cellular-absorption|gut-immune|product-education|skin-collagen|skincare|three-corporate|wellness","standard","url:https://blog.threeinternational.com/en/visage-and-vitalité-for-total-wellness-and-radiant-skin"
"195","knowledge_source_263631cb-7e85-406d-96f0-92181f0e06ae","Vitalité: More Than Just a Multivitamin","training","three-blog","2026-07-08T22:00:47.161Z","4","products","forms-admin|product-science|products","omega-3|vitalite","blog|cellular-absorption|energy|gut-immune|product-education|three-corporate|wellness","standard","url:https://blog.threeinternational.com/en/vitalité-more-than-just-a-multivitamin"
"196","knowledge_source_02346e44-9a1b-4cba-a556-d84fa0cbc769","What Makes a Moisturizer Luxurious? How Visage Crème Caviar Uplevels Skincare","training","three-blog","2026-07-08T22:00:47.161Z","7","products","forms-admin|product-science|products","collagene|purifi|visage","blog|cellular-absorption|compliance|detox|metabolism|product-education|skin-collagen|skincare|three-corporate|wellness","standard","url:https://blog.threeinternational.com/en/what-makes-a-moisturizer-luxurious-how-visage-crème-caviar-uplevels-skincare"
"197","knowledge_source_c0388dbf-4be7-4a50-9f4d-08f687c76987","Team Magnificent: 10 Steps to Building Your Business","training","team-mag-training","2026-07-08T22:07:39.621Z","3","team-training","business-building|forms-admin|product-science|products|team-training","glp-three","10-steps|blueprint|business-building|compensation|onboarding|product-education|team-magnificent|training|why","standard","github:https://github.com/devklg/team-magnificent-training/blob/main/10-steps.html"
"198","knowledge_source_61fec354-7bc2-49b4-a727-75c08a0b4666","Team Magnificent: 72-Hour Mission","training","team-mag-training","2026-07-08T22:07:39.621Z","2","team-training","compensation-plan|forms-admin|products|team-training","","compensation|fast-start|launch|product-education|qba|team-magnificent|training","high","github:https://github.com/devklg/team-magnificent-training/blob/main/72hour-mission.html"
"199","knowledge_source_1efc3e49-82cf-4d65-85d9-907045dbf43e","Team Magnificent: Training Hub Index","training","team-mag-training","2026-07-08T22:07:39.621Z","14","team-training","compensation-plan|compliance-policies|forms-admin|products|team-training","collagene|eternel|glp-three|imune|kynetik|purifi|revive|visage|vitalite","compensation|compliance|detox|energy|hub|index|product-education|skincare|team-magnificent|training","high","github:https://github.com/devklg/team-magnificent-training/blob/main/index.html"
"200","knowledge_source_92d05a55-04d3-4c9f-9210-d79c58a41f0b","Team Magnificent: The Art of Invitation Masterclass","training","team-mag-training","2026-07-08T22:07:39.621Z","7","business-building","business-building|compensation-plan|forms-admin|products|team-training|vision-strategy","","business-building|compensation|invitation|ivory|product-education|scripts|team-magnificent|training","high","github:https://github.com/devklg/team-magnificent-training/blob/main/invitation-art-masterclass.html"
"201","knowledge_source_7d94644f-3cb4-451b-9802-21a704ef501c","Team Magnificent: Onboarding","training","team-mag-training","2026-07-08T22:07:39.621Z","6","team-training","business-building|compensation-plan|forms-admin|product-science|products|team-training","glp-three","business-building|compensation|onboarding|product-education|team-magnificent|training","high","github:https://github.com/devklg/team-magnificent-training/blob/main/onboarding.html"
"202","knowledge_source_08efebcc-abea-4f55-81d4-775a1d49f380","Team Magnificent: Product Warm Market","training","team-mag-training","2026-07-08T22:07:39.621Z","2","products","business-building|forms-admin|products|team-training","glp-three","business-building|energy|product|product-education|team-magnificent|training|warm-market","standard","github:https://github.com/devklg/team-magnificent-training/blob/main/product-warm-market.html"
"203","knowledge_source_5bb53113-f723-49e8-803f-4f06b1eb0575","Team Magnificent: Prospecting","training","team-mag-training","2026-07-08T22:07:39.621Z","5","business-building","business-building|compensation-plan|forms-admin|product-science|products|team-training","glp-three","business-building|compensation|metabolism|product-education|prospecting|team-magnificent|training","high","github:https://github.com/devklg/team-magnificent-training/blob/main/prospect.html"
"204","knowledge_source_fcccc749-7714-42d1-aef8-1b33e8c883c0","Team Magnificent: Binary Compensation (Live)","training","team-mag-training","2026-07-08T22:07:39.621Z","2","compensation-plan","compensation-plan|forms-admin|products|team-training","","binary|compensation|product-education|team-magnificent|training","high","github:https://github.com/devklg/team-magnificent-training/blob/main/tm-binary-live.html"
"205","knowledge_source_5069d9f9-3b69-421c-bb58-e140a0b29384","Team Magnificent: Vision Statement","organizational","team-mag-training","2026-07-08T22:07:39.621Z","2","team-training","compensation-plan|forms-admin|products|team-training|vision-strategy","glp-three","compensation|organizational|product-education|team-magnificent|vision","high","github:https://github.com/devklg/team-magnificent-training/blob/main/tm-vision-statement.html"
"206","knowledge_source_507cc56e-8cb2-4730-ac23-0d7f4f2262fc","Team Magnificent: Video Library","training","team-mag-training","2026-07-08T22:07:39.621Z","5","team-training","business-building|compensation-plan|product-science|products|team-training","collagene|eternel|glp-three|imune|kynetik|purifi|revive|visage|vitalite","business-building|compensation|detox|energy|gut-immune|metabolism|product-education|resources|skincare|team-magnificent|training|video","high","github:https://github.com/devklg/team-magnificent-training/blob/main/video-library.html"
"207","knowledge_source_bc254ce7-f2b2-47f8-86b3-af9f19a31bf9","THREE Nueva Compensation Plan","training","three-corpus","2026-07-08T22:09:07.552Z","22","compensation-plan","compensation-plan|forms-admin|product-science|products","","compensation|product-education|rewards-plan|spanish|team-only","high","file:D:/THREE/compensation/nueva-comp.pdf"
"208","knowledge_source_1ef13d0b-2cde-4a12-ba8c-4a06ccb0f03c","Don Failla — How To Build A Large Successful Multi-Level Marketing Organization (Ch 1–4)","training","other","2026-07-08T22:27:20.194Z","71","general-training","business-building|compensation-plan|forms-admin|general-training|product-science|products","","45-second-presentation|business-building|compensation|duplication|failla|foundational-library|mlm-fundamentals|napkin-presentations|product-education|skincare|sponsoring","high","file:D:/foundational-library/how-2-build/how-2-build-ch1-4-docling-fullocr.md"
